{
  "Abarth": {
    "imgSrc": "https://media.carparts-cat.com/webdata2/kher/3854.png",
    "carBrand": "Abarth",
    "models": {
      "500": {
        "imgSrc": "https://media.carparts-cat.com/webdata2/kher/3854.png",
        "modelCar": "500",
        "bodies": {
          "500 / 595 / 695, 01.2008-": {
            "imgSrc": "https://media.carparts-cat.com/webdata2/kmodthumb/14669.png",
            "name": "500 / 595 / 695, 01.2008-",
            "equipments": {
              "1.4 (312.AXD1A)": {
                "imgBrandElement": "https://media.carparts-cat.com/webdata2/kher/3854.png",
                "imgEquipment": "https://media.carparts-cat.com/webdata2/kher/3854.png",
                "equipmentHeader": "1.4 (312.AXD1A)",
                "parts": {
                  "MAS0523": [
                    "MEYLE-ORIGINAL: True to OE.",
                    "Тип датчика: Активный датчик",
                    "Длина кабеля: 1135 мм",
                    "Количество втычных контактов: 2 полюс",
                    "Сторона установки: передний мост"
                  ],
                  "MAS0586": [
                    "MEYLE-ORIGINAL: True to OE.",
                    "Тип датчика: Активный датчик",
                    "Длина кабеля: 705 мм",
                    "Количество втычных контактов: 2 полюс",
                    "Сторона установки: Задний мост"
                  ],
                  "MAS0587": [
                    "MEYLE-ORIGINAL: True to OE.",
                    "Тип датчика: Активный датчик",
                    "Длина кабеля: 1080 мм",
                    "Количество втычных контактов: 2 полюс",
                    "Сторона установки: передний мост"
                  ],
                  "MEX0753": [
                    "MEYLE-ORIGINAL: True to OE.",
                    "Код двигателя: 312 A1.000",
                    "Тип датчика: NTC - Датчик",
                    "Размер резьбы: M12x1,5",
                    "Ширина ключа: 19",
                    "Дополнительный артикул / дополнительная информация 2: с уплотнительным кольцом",
                    "Количество втычных контактов: 2 полюс"
                  ],
                  "MPS0114": [
                    "MEYLE-ORIGINAL: True to OE.",
                    "Тип датчика: Индуктивный датчик",
                    "Количество втычных контактов: 2 полюс"
                  ],
                  "MEX0660": [
                    "MEYLE-ORIGINAL: True to OE.",
                    "Г. вып. до: 09.11",
                    "Автомобиль с лево- / правосторонним расположением руля: для левостороннего расположения руля",
                    "Автомобиль с лево- / правосторонним расположением руля: для правостороннего расположения руля",
                    "Г. вып. от: 09.11",
                    "Автомобиль с лево- / правосторонним расположением руля: для правостороннего расположения руля",
                    "Вид эксплуатации: включение ножное",
                    "Обратить внимание на заданные величины производителя трансп.",
                    "Количество втычных контактов: 4 полюс"
                  ],
                  "MEX1367": [
                    "MEYLE-ORIGINAL: True to OE.",
                    "Тип датчика: Датчик Холла",
                    "Дополнительный артикул / дополнительная информация 2: с уплотнительным кольцом",
                    "Количество втычных контактов: 3 полюс"
                  ],
                  "MEX0990": [
                    "MEYLE-ORIGINAL: True to OE.",
                    "Код двигателя: 312 A1.000",
                    "Количество втычных контактов: 3 полюс"
                  ],
                  "MEX1344": [
                    "MEYLE-ORIGINAL: True to OE.",
                    "Г. вып. от: 02.15",
                    "Сторона установки: сзади",
                    "Сторона установки: внешний",
                    "Сторона установки: внутри",
                    "хим. Свойство: обладающий способностью еще раз покрывать лаком",
                    "Цвет: чёрный",
                    "Количество втычных контактов: 3 полюс",
                    "Форма: согнутый",
                    "Тип датчика: Ультразвуковой датчик"
                  ],
                  "MEX1067": [
                    "MEYLE-ORIGINAL: True to OE.",
                    "Тип датчика: Пьезоэлектрический датчик",
                    "Количество втычных контактов: 2 полюс"
                  ],
                  "MEX1293": [
                    "MEYLE-ORIGINAL: True to OE.",
                    "Размер резьбы: M10x1.25",
                    "Количество втычных контактов: 3 полюс",
                    "Форма штепсельного корпуса: круглый"
                  ]
                }
              },
              "1.4 (312.AXF1A, 312.AXD1A)": {
                "imgBrandElement": "https://media.carparts-cat.com/webdata2/kher/3854.png",
                "imgEquipment": "https://media.carparts-cat.com/webdata2/kher/3854.png",
                "equipmentHeader": "1.4 (312.AXF1A, 312.AXD1A)",
                "parts": {
                  "MAS0523": [
                    "MEYLE-ORIGINAL: True to OE.",
                    "Тип датчика: Активный датчик",
                    "Длина кабеля: 1135 мм",
                    "Количество втычных контактов: 2 полюс",
                    "Сторона установки: передний мост"
                  ],
                  "MAS0586": [
                    "MEYLE-ORIGINAL: True to OE.",
                    "Тип датчика: Активный датчик",
                    "Длина кабеля: 705 мм",
                    "Количество втычных контактов: 2 полюс",
                    "Сторона установки: Задний мост"
                  ],
                  "MAS0587": [
                    "MEYLE-ORIGINAL: True to OE.",
                    "Тип датчика: Активный датчик",
                    "Длина кабеля: 1080 мм",
                    "Количество втычных контактов: 2 полюс",
                    "Сторона установки: передний мост"
                  ],
                  "MEX0753": [
                    "MEYLE-ORIGINAL: True to OE.",
                    "Код двигателя: 312 A3.000",
                    "Тип датчика: NTC - Датчик",
                    "Размер резьбы: M12x1,5",
                    "Ширина ключа: 19",
                    "Дополнительный артикул / дополнительная информация 2: с уплотнительным кольцом",
                    "Количество втычных контактов: 2 полюс"
                  ],
                  "MPS0114": [
                    "MEYLE-ORIGINAL: True to OE.",
                    "Тип датчика: Индуктивный датчик",
                    "Количество втычных контактов: 2 полюс"
                  ],
                  "MEX1367": [
                    "MEYLE-ORIGINAL: True to OE.",
                    "Тип датчика: Датчик Холла",
                    "Дополнительный артикул / дополнительная информация 2: с уплотнительным кольцом",
                    "Количество втычных контактов: 3 полюс"
                  ],
                  "MEX1067": [
                    "MEYLE-ORIGINAL: True to OE.",
                    "Тип датчика: Пьезоэлектрический датчик",
                    "Количество втычных контактов: 2 полюс"
                  ],
                  "MEX1293": [
                    "MEYLE-ORIGINAL: True to OE.",
                    "Размер резьбы: M10x1.25",
                    "Количество втычных контактов: 3 полюс",
                    "Форма штепсельного корпуса: круглый"
                  ]
                }
              },
              "1.4 (312.AXY11, 312.AXY1A)": {
                "imgBrandElement": "https://media.carparts-cat.com/webdata2/kher/3854.png",
                "imgEquipment": "https://media.carparts-cat.com/webdata2/kher/3854.png",
                "equipmentHeader": "1.4 (312.AXY11, 312.AXY1A)",
                "parts": {
                  "MAS0523": [
                    "MEYLE-ORIGINAL: True to OE.",
                    "Тип датчика: Активный датчик",
                    "Длина кабеля: 1135 мм",
                    "Количество втычных контактов: 2 полюс",
                    "Сторона установки: передний мост"
                  ],
                  "MAS0586": [
                    "MEYLE-ORIGINAL: True to OE.",
                    "Тип датчика: Активный датчик",
                    "Длина кабеля: 705 мм",
                    "Количество втычных контактов: 2 полюс",
                    "Сторона установки: Задний мост"
                  ],
                  "MAS0587": [
                    "MEYLE-ORIGINAL: True to OE.",
                    "Тип датчика: Активный датчик",
                    "Длина кабеля: 1080 мм",
                    "Количество втычных контактов: 2 полюс",
                    "Сторона установки: передний мост"
                  ],
                  "MEX0753": [
                    "MEYLE-ORIGINAL: True to OE.",
                    "Код двигателя: 312 B4.000",
                    "Тип датчика: NTC - Датчик",
                    "Размер резьбы: M12x1,5",
                    "Ширина ключа: 19",
                    "Дополнительный артикул / дополнительная информация 2: с уплотнительным кольцом",
                    "Количество втычных контактов: 2 полюс"
                  ],
                  "MPS0114": [
                    "MEYLE-ORIGINAL: True to OE.",
                    "Тип датчика: Индуктивный датчик",
                    "Количество втычных контактов: 2 полюс"
                  ],
                  "MEX1367": [
                    "MEYLE-ORIGINAL: True to OE.",
                    "Тип датчика: Датчик Холла",
                    "Дополнительный артикул / дополнительная информация 2: с уплотнительным кольцом",
                    "Количество втычных контактов: 3 полюс"
                  ],
                  "MEX1344": [
                    "MEYLE-ORIGINAL: True to OE.",
                    "Сторона установки: сзади",
                    "Сторона установки: внешний",
                    "Сторона установки: внутри",
                    "хим. Свойство: обладающий способностью еще раз покрывать лаком",
                    "Цвет: чёрный",
                    "Количество втычных контактов: 3 полюс",
                    "Форма: согнутый",
                    "Тип датчика: Ультразвуковой датчик"
                  ],
                  "MEX1067": [
                    "MEYLE-ORIGINAL: True to OE.",
                    "Тип датчика: Пьезоэлектрический датчик",
                    "Количество втычных контактов: 2 полюс"
                  ],
                  "MEX1293": [
                    "MEYLE-ORIGINAL: True to OE.",
                    "Размер резьбы: M10x1.25",
                    "Количество втычных контактов: 3 полюс",
                    "Форма штепсельного корпуса: круглый"
                  ]
                }
              },
              "1.4 (312.AXF11, 312.AXF1A, 312.AXD1A)": {
                "imgBrandElement": "https://media.carparts-cat.com/webdata2/kher/3854.png",
                "imgEquipment": "https://media.carparts-cat.com/webdata2/kher/3854.png",
                "equipmentHeader": "1.4 (312.AXF11, 312.AXF1A, 312.AXD1A)",
                "parts": {
                  "MAS0523": [
                    "MEYLE-ORIGINAL: True to OE.",
                    "Тип датчика: Активный датчик",
                    "Длина кабеля: 1135 мм",
                    "Количество втычных контактов: 2 полюс",
                    "Сторона установки: передний мост"
                  ],
                  "MAS0586": [
                    "MEYLE-ORIGINAL: True to OE.",
                    "Тип датчика: Активный датчик",
                    "Длина кабеля: 705 мм",
                    "Количество втычных контактов: 2 полюс",
                    "Сторона установки: Задний мост"
                  ],
                  "MAS0587": [
                    "MEYLE-ORIGINAL: True to OE.",
                    "Тип датчика: Активный датчик",
                    "Длина кабеля: 1080 мм",
                    "Количество втычных контактов: 2 полюс",
                    "Сторона установки: передний мост"
                  ],
                  "MEX0753": [
                    "MEYLE-ORIGINAL: True to OE.",
                    "Код двигателя: 312 A1.000",
                    "Код двигателя: 312 A3.000",
                    "Тип датчика: NTC - Датчик",
                    "Размер резьбы: M12x1,5",
                    "Ширина ключа: 19",
                    "Дополнительный артикул / дополнительная информация 2: с уплотнительным кольцом",
                    "Количество втычных контактов: 2 полюс"
                  ],
                  "MPS0114": [
                    "MEYLE-ORIGINAL: True to OE.",
                    "Тип датчика: Индуктивный датчик",
                    "Количество втычных контактов: 2 полюс"
                  ],
                  "MEX1367": [
                    "MEYLE-ORIGINAL: True to OE.",
                    "Тип датчика: Датчик Холла",
                    "Дополнительный артикул / дополнительная информация 2: с уплотнительным кольцом",
                    "Количество втычных контактов: 3 полюс"
                  ],
                  "MEX0990": [
                    "MEYLE-ORIGINAL: True to OE.",
                    "Код двигателя: 312 A1.000",
                    "Код двигателя: 312 A3.000",
                    "Количество втычных контактов: 3 полюс"
                  ],
                  "MEX1067": [
                    "MEYLE-ORIGINAL: True to OE.",
                    "Тип датчика: Пьезоэлектрический датчик",
                    "Количество втычных контактов: 2 полюс"
                  ],
                  "MEX1293": [
                    "MEYLE-ORIGINAL: True to OE.",
                    "Размер резьбы: M10x1.25",
                    "Количество втычных контактов: 3 полюс",
                    "Форма штепсельного корпуса: круглый"
                  ]
                }
              },
              "1.4 (312.AYB11, 312.AYB1A)": {
                "imgBrandElement": "https://media.carparts-cat.com/webdata2/kher/3854.png",
                "imgEquipment": "https://media.carparts-cat.com/webdata2/kher/3854.png",
                "equipmentHeader": "1.4 (312.AYB11, 312.AYB1A)",
                "parts": {
                  "MAS0523": [
                    "MEYLE-ORIGINAL: True to OE.",
                    "Тип датчика: Активный датчик",
                    "Длина кабеля: 1135 мм",
                    "Количество втычных контактов: 2 полюс",
                    "Сторона установки: передний мост"
                  ],
                  "MAS0586": [
                    "MEYLE-ORIGINAL: True to OE.",
                    "Тип датчика: Активный датчик",
                    "Длина кабеля: 705 мм",
                    "Количество втычных контактов: 2 полюс",
                    "Сторона установки: Задний мост"
                  ],
                  "MAS0587": [
                    "MEYLE-ORIGINAL: True to OE.",
                    "Тип датчика: Активный датчик",
                    "Длина кабеля: 1080 мм",
                    "Количество втычных контактов: 2 полюс",
                    "Сторона установки: передний мост"
                  ],
                  "MEX0753": [
                    "MEYLE-ORIGINAL: True to OE.",
                    "Код двигателя: 312 B6.000",
                    "Тип датчика: NTC - Датчик",
                    "Размер резьбы: M12x1,5",
                    "Ширина ключа: 19",
                    "Дополнительный артикул / дополнительная информация 2: с уплотнительным кольцом",
                    "Количество втычных контактов: 2 полюс"
                  ],
                  "MPS0114": [
                    "MEYLE-ORIGINAL: True to OE.",
                    "Тип датчика: Индуктивный датчик",
                    "Количество втычных контактов: 2 полюс"
                  ],
                  "MEX1367": [
                    "MEYLE-ORIGINAL: True to OE.",
                    "Тип датчика: Датчик Холла",
                    "Дополнительный артикул / дополнительная информация 2: с уплотнительным кольцом",
                    "Количество втычных контактов: 3 полюс"
                  ],
                  "MEX1344": [
                    "MEYLE-ORIGINAL: True to OE.",
                    "Сторона установки: сзади",
                    "Сторона установки: внешний",
                    "Сторона установки: внутри",
                    "хим. Свойство: обладающий способностью еще раз покрывать лаком",
                    "Цвет: чёрный",
                    "Количество втычных контактов: 3 полюс",
                    "Форма: согнутый",
                    "Тип датчика: Ультразвуковой датчик"
                  ],
                  "MEX1067": [
                    "MEYLE-ORIGINAL: True to OE.",
                    "Тип датчика: Пьезоэлектрический датчик",
                    "Количество втычных контактов: 2 полюс"
                  ],
                  "MEX1293": [
                    "MEYLE-ORIGINAL: True to OE.",
                    "Размер резьбы: M10x1.25",
                    "Количество втычных контактов: 3 полюс",
                    "Форма штепсельного корпуса: круглый"
                  ]
                }
              },
              "1.4 (312.AXZ11)": {
                "imgBrandElement": "https://media.carparts-cat.com/webdata2/kher/3854.png",
                "imgEquipment": "https://media.carparts-cat.com/webdata2/kher/3854.png",
                "equipmentHeader": "1.4 (312.AXZ11)",
                "parts": {
                  "MAS0523": [
                    "MEYLE-ORIGINAL: True to OE.",
                    "Тип датчика: Активный датчик",
                    "Длина кабеля: 1135 мм",
                    "Количество втычных контактов: 2 полюс",
                    "Сторона установки: передний мост"
                  ],
                  "MAS0586": [
                    "MEYLE-ORIGINAL: True to OE.",
                    "Тип датчика: Активный датчик",
                    "Длина кабеля: 705 мм",
                    "Количество втычных контактов: 2 полюс",
                    "Сторона установки: Задний мост"
                  ],
                  "MAS0587": [
                    "MEYLE-ORIGINAL: True to OE.",
                    "Тип датчика: Активный датчик",
                    "Длина кабеля: 1080 мм",
                    "Количество втычных контактов: 2 полюс",
                    "Сторона установки: передний мост"
                  ],
                  "MEX0753": [
                    "MEYLE-ORIGINAL: True to OE.",
                    "Код двигателя: 312 B3.000",
                    "Тип датчика: NTC - Датчик",
                    "Размер резьбы: M12x1,5",
                    "Ширина ключа: 19",
                    "Дополнительный артикул / дополнительная информация 2: с уплотнительным кольцом",
                    "Количество втычных контактов: 2 полюс"
                  ],
                  "MPS0114": [
                    "MEYLE-ORIGINAL: True to OE.",
                    "Тип датчика: Индуктивный датчик",
                    "Количество втычных контактов: 2 полюс"
                  ],
                  "MEX1367": [
                    "MEYLE-ORIGINAL: True to OE.",
                    "Тип датчика: Датчик Холла",
                    "Дополнительный артикул / дополнительная информация 2: с уплотнительным кольцом",
                    "Количество втычных контактов: 3 полюс"
                  ],
                  "MEX1344": [
                    "MEYLE-ORIGINAL: True to OE.",
                    "Сторона установки: сзади",
                    "Сторона установки: внешний",
                    "Сторона установки: внутри",
                    "хим. Свойство: обладающий способностью еще раз покрывать лаком",
                    "Цвет: чёрный",
                    "Количество втычных контактов: 3 полюс",
                    "Форма: согнутый",
                    "Тип датчика: Ультразвуковой датчик"
                  ],
                  "MEX1067": [
                    "MEYLE-ORIGINAL: True to OE.",
                    "Тип датчика: Пьезоэлектрический датчик",
                    "Количество втычных контактов: 2 полюс"
                  ],
                  "MEX1293": [
                    "MEYLE-ORIGINAL: True to OE.",
                    "Размер резьбы: M10x1.25",
                    "Количество втычных контактов: 3 полюс",
                    "Форма штепсельного корпуса: круглый"
                  ]
                }
              },
              "1.4 (312.AXF11, 312.AXF1A)": {
                "imgBrandElement": "https://media.carparts-cat.com/webdata2/kher/3854.png",
                "imgEquipment": "https://media.carparts-cat.com/webdata2/kher/3854.png",
                "equipmentHeader": "1.4 (312.AXF11, 312.AXF1A)",
                "parts": {
                  "MAS0523": [
                    "MEYLE-ORIGINAL: True to OE.",
                    "Тип датчика: Активный датчик",
                    "Длина кабеля: 1135 мм",
                    "Количество втычных контактов: 2 полюс",
                    "Сторона установки: передний мост"
                  ],
                  "MAS0586": [
                    "MEYLE-ORIGINAL: True to OE.",
                    "Тип датчика: Активный датчик",
                    "Длина кабеля: 705 мм",
                    "Количество втычных контактов: 2 полюс",
                    "Сторона установки: Задний мост"
                  ],
                  "MAS0587": [
                    "MEYLE-ORIGINAL: True to OE.",
                    "Тип датчика: Активный датчик",
                    "Длина кабеля: 1080 мм",
                    "Количество втычных контактов: 2 полюс",
                    "Сторона установки: передний мост"
                  ],
                  "MEX0753": [
                    "MEYLE-ORIGINAL: True to OE.",
                    "Код двигателя: 312 A3.000",
                    "Тип датчика: NTC - Датчик",
                    "Размер резьбы: M12x1,5",
                    "Ширина ключа: 19",
                    "Дополнительный артикул / дополнительная информация 2: с уплотнительным кольцом",
                    "Количество втычных контактов: 2 полюс"
                  ],
                  "MPS0114": [
                    "MEYLE-ORIGINAL: True to OE.",
                    "Тип датчика: Индуктивный датчик",
                    "Количество втычных контактов: 2 полюс"
                  ],
                  "MEX0660": [
                    "MEYLE-ORIGINAL: True to OE.",
                    "Г. вып. до: 09.11",
                    "Вид эксплуатации: включение ножное",
                    "Обратить внимание на заданные величины производителя трансп.",
                    "Количество втычных контактов: 4 полюс"
                  ],
                  "MEX1367": [
                    "MEYLE-ORIGINAL: True to OE.",
                    "Тип датчика: Датчик Холла",
                    "Дополнительный артикул / дополнительная информация 2: с уплотнительным кольцом",
                    "Количество втычных контактов: 3 полюс"
                  ],
                  "MEX0990": [
                    "MEYLE-ORIGINAL: True to OE.",
                    "Код двигателя: 312 A3.000",
                    "Количество втычных контактов: 3 полюс"
                  ],
                  "MEX1344": [
                    "MEYLE-ORIGINAL: True to OE.",
                    "Г. вып. от: 06.16",
                    "Сторона установки: сзади",
                    "Сторона установки: внешний",
                    "Сторона установки: внутри",
                    "хим. Свойство: обладающий способностью еще раз покрывать лаком",
                    "Цвет: чёрный",
                    "Количество втычных контактов: 3 полюс",
                    "Форма: согнутый",
                    "Тип датчика: Ультразвуковой датчик"
                  ],
                  "MEX1067": [
                    "MEYLE-ORIGINAL: True to OE.",
                    "Тип датчика: Пьезоэлектрический датчик",
                    "Количество втычных контактов: 2 полюс"
                  ],
                  "MEX1293": [
                    "MEYLE-ORIGINAL: True to OE.",
                    "Размер резьбы: M10x1.25",
                    "Количество втычных контактов: 3 полюс",
                    "Форма штепсельного корпуса: круглый"
                  ]
                }
              },
              "1.4 (312.AXT1A)": {
                "imgBrandElement": "https://media.carparts-cat.com/webdata2/kher/3854.png",
                "imgEquipment": "https://media.carparts-cat.com/webdata2/kher/3854.png",
                "equipmentHeader": "1.4 (312.AXT1A)",
                "parts": {
                  "MAS0523": [
                    "MEYLE-ORIGINAL: True to OE.",
                    "Тип датчика: Активный датчик",
                    "Длина кабеля: 1135 мм",
                    "Количество втычных контактов: 2 полюс",
                    "Сторона установки: передний мост"
                  ],
                  "MAS0586": [
                    "MEYLE-ORIGINAL: True to OE.",
                    "Тип датчика: Активный датчик",
                    "Длина кабеля: 705 мм",
                    "Количество втычных контактов: 2 полюс",
                    "Сторона установки: Задний мост"
                  ],
                  "MAS0587": [
                    "MEYLE-ORIGINAL: True to OE.",
                    "Тип датчика: Активный датчик",
                    "Длина кабеля: 1080 мм",
                    "Количество втычных контактов: 2 полюс",
                    "Сторона установки: передний мост"
                  ],
                  "MEX0753": [
                    "MEYLE-ORIGINAL: True to OE.",
                    "Код двигателя: 312 A1.000",
                    "Код двигателя: 312 A9.000",
                    "Тип датчика: NTC - Датчик",
                    "Размер резьбы: M12x1,5",
                    "Ширина ключа: 19",
                    "Дополнительный артикул / дополнительная информация 2: с уплотнительным кольцом",
                    "Количество втычных контактов: 2 полюс"
                  ],
                  "MPS0114": [
                    "MEYLE-ORIGINAL: True to OE.",
                    "Тип датчика: Индуктивный датчик",
                    "Количество втычных контактов: 2 полюс"
                  ],
                  "MEX1367": [
                    "MEYLE-ORIGINAL: True to OE.",
                    "Тип датчика: Датчик Холла",
                    "Дополнительный артикул / дополнительная информация 2: с уплотнительным кольцом",
                    "Количество втычных контактов: 3 полюс"
                  ],
                  "MEX0990": [
                    "MEYLE-ORIGINAL: True to OE.",
                    "Код двигателя: 312 A9.000",
                    "Количество втычных контактов: 3 полюс"
                  ],
                  "MEX1344": [
                    "MEYLE-ORIGINAL: True to OE.",
                    "Г. вып. от: 02.15",
                    "Сторона установки: сзади",
                    "Сторона установки: внешний",
                    "Сторона установки: внутри",
                    "хим. Свойство: обладающий способностью еще раз покрывать лаком",
                    "Цвет: чёрный",
                    "Количество втычных контактов: 3 полюс",
                    "Форма: согнутый",
                    "Тип датчика: Ультразвуковой датчик"
                  ],
                  "MEX1067": [
                    "MEYLE-ORIGINAL: True to OE.",
                    "Тип датчика: Пьезоэлектрический датчик",
                    "Количество втычных контактов: 2 полюс"
                  ],
                  "MEX1293": [
                    "MEYLE-ORIGINAL: True to OE.",
                    "Размер резьбы: M10x1.25",
                    "Количество втычных контактов: 3 полюс",
                    "Форма штепсельного корпуса: круглый"
                  ]
                }
              }
            }
          },
          "500C / 595C / 695C, 05.2008-": {
            "imgSrc": "https://media.carparts-cat.com/webdata2/kmodthumb/14670.png",
            "name": "500C / 595C / 695C, 05.2008-",
            "equipments": null
          },
          "500E Кабриолет (332_), 02.2023-": {
            "imgSrc": "https://media.carparts-cat.com/webdata2/kmodthumb/44050.png",
            "name": "500E Кабриолет (332_), 02.2023-",
            "equipments": null
          },
          "500E Хэтчбэк (332_), 02.2023-": {
            "imgSrc": "https://media.carparts-cat.com/webdata2/kmodthumb/44049.png",
            "name": "500E Хэтчбэк (332_), 02.2023-",
            "equipments": null
          }
        }
      },
      "Punto": {
        "imgSrc": "https://media.carparts-cat.com/webdata2/kher/3854.png",
        "modelCar": "Punto",
        "bodies": null
      },
      "124 Spider": {
        "imgSrc": "https://media.carparts-cat.com/webdata2/kher/3854.png",
        "modelCar": "124 Spider",
        "bodies": null
      }
    }
  },
  "Alfa Romeo": {
    "imgSrc": "https://media.carparts-cat.com/webdata2/kher/2.png",
    "carBrand": "Alfa Romeo",
    "models": null
  },
  "Audi": {
    "imgSrc": "https://media.carparts-cat.com/webdata2/kher/5.png",
    "carBrand": "Audi",
    "models": null
  },
  "BMW": {
    "imgSrc": "https://media.carparts-cat.com/webdata2/kher/16.png",
    "carBrand": "BMW",
    "models": null
  },
  "Chevrolet": {
    "imgSrc": "https://media.carparts-cat.com/webdata2/kher/138.png",
    "carBrand": "Chevrolet",
    "models": null
  },
  "Chrysler": {
    "imgSrc": "https://media.carparts-cat.com/webdata2/kher/20.png",
    "carBrand": "Chrysler",
    "models": null
  },
  "Citroлn": {
    "imgSrc": "https://media.carparts-cat.com/webdata2/kher/21.png",
    "carBrand": "Citroлn",
    "models": null
  },
  "Cupra": {
    "imgSrc": "https://media.carparts-cat.com/webdata2/kher/4896.png",
    "carBrand": "Cupra",
    "models": null
  },
  "Dacia": {
    "imgSrc": "https://media.carparts-cat.com/webdata2/kher/139.png",
    "carBrand": "Dacia",
    "models": null
  },
  "Daewoo": {
    "imgSrc": "https://media.carparts-cat.com/webdata2/kher/185.png",
    "carBrand": "Daewoo",
    "models": null
  },
  "Daihatsu": {
    "imgSrc": "https://media.carparts-cat.com/webdata2/kher/25.png",
    "carBrand": "Daihatsu",
    "models": null
  },
  "Dodge": {
    "imgSrc": "https://media.carparts-cat.com/webdata2/kher/29.png",
    "carBrand": "Dodge",
    "models": null
  },
  "Fiat": {
    "imgSrc": "https://media.carparts-cat.com/webdata2/kher/35.png",
    "carBrand": "Fiat",
    "models": null
  },
  "Ford": {
    "imgSrc": "https://media.carparts-cat.com/webdata2/kher/36.png",
    "carBrand": "Ford",
    "models": null
  },
  "Ford (USA)": {
    "imgSrc": "https://media.carparts-cat.com/webdata2/kher/776.png",
    "carBrand": "Ford (USA)",
    "models": null
  },
  "Honda": {
    "imgSrc": "https://media.carparts-cat.com/webdata2/kher/45.png",
    "carBrand": "Honda",
    "models": null
  },
  "Hyundai": {
    "imgSrc": "https://media.carparts-cat.com/webdata2/kher/183.png",
    "carBrand": "Hyundai",
    "models": null
  },
  "Infiniti": {
    "imgSrc": "https://media.carparts-cat.com/webdata2/kher/1526.png",
    "carBrand": "Infiniti",
    "models": null
  },
  "Isuzu": {
    "imgSrc": "https://media.carparts-cat.com/webdata2/kher/54.png",
    "carBrand": "Isuzu",
    "models": null
  },
  "Iveco": {
    "imgSrc": "https://media.carparts-cat.com/webdata2/kher/55.png",
    "carBrand": "Iveco",
    "models": null
  },
  "Jaguar": {
    "imgSrc": "https://media.carparts-cat.com/webdata2/kher/56.png",
    "carBrand": "Jaguar",
    "models": null
  },
  "Jeep": {
    "imgSrc": "https://media.carparts-cat.com/webdata2/kher/882.png",
    "carBrand": "Jeep",
    "models": null
  },
  "Kia": {
    "imgSrc": "https://media.carparts-cat.com/webdata2/kher/184.png",
    "carBrand": "Kia",
    "models": null
  },
  "Lada": {
    "imgSrc": "https://media.carparts-cat.com/webdata2/kher/63.png",
    "carBrand": "Lada",
    "models": null
  },
  "Lancia": {
    "imgSrc": "https://media.carparts-cat.com/webdata2/kher/64.png",
    "carBrand": "Lancia",
    "models": null
  },
  "Land Rover": {
    "imgSrc": "https://media.carparts-cat.com/webdata2/kher/1820.png",
    "carBrand": "Land Rover",
    "models": null
  },
  "Lexus": {
    "imgSrc": "https://media.carparts-cat.com/webdata2/kher/842.png",
    "carBrand": "Lexus",
    "models": null
  },
  "Mazda": {
    "imgSrc": "https://media.carparts-cat.com/webdata2/kher/72.png",
    "carBrand": "Mazda",
    "models": null
  },
  "Mercedes-Benz": {
    "imgSrc": "https://media.carparts-cat.com/webdata2/kher/74.png",
    "carBrand": "Mercedes-Benz",
    "models": null
  },
  "MINI": {
    "imgSrc": "https://media.carparts-cat.com/webdata2/kher/1523.png",
    "carBrand": "MINI",
    "models": null
  },
  "MITSUBISHI": {
    "imgSrc": "https://media.carparts-cat.com/webdata2/kher/77.png",
    "carBrand": "MITSUBISHI",
    "models": null
  },
  "Nissan": {
    "imgSrc": "https://media.carparts-cat.com/webdata2/kher/80.png",
    "carBrand": "Nissan",
    "models": null
  },
  "Opel": {
    "imgSrc": "https://media.carparts-cat.com/webdata2/kher/84.png",
    "carBrand": "Opel",
    "models": null
  },
  "Peugeot": {
    "imgSrc": "https://media.carparts-cat.com/webdata2/kher/88.png",
    "carBrand": "Peugeot",
    "models": null
  },
  "Porsche": {
    "imgSrc": "https://media.carparts-cat.com/webdata2/kher/92.png",
    "carBrand": "Porsche",
    "models": null
  },
  "Renault": {
    "imgSrc": "https://media.carparts-cat.com/webdata2/kher/93.png",
    "carBrand": "Renault",
    "models": null
  },
  "Rover": {
    "imgSrc": "https://media.carparts-cat.com/webdata2/kher/95.png",
    "carBrand": "Rover",
    "models": null
  },
  "Saab": {
    "imgSrc": "https://media.carparts-cat.com/webdata2/kher/99.png",
    "carBrand": "Saab",
    "models": null
  },
  "SEAT": {
    "imgSrc": "https://media.carparts-cat.com/webdata2/kher/104.png",
    "carBrand": "SEAT",
    "models": null
  },
  "Skoda": {
    "imgSrc": "https://media.carparts-cat.com/webdata2/kher/106.png",
    "carBrand": "Skoda",
    "models": null
  },
  "smart": {
    "imgSrc": "https://media.carparts-cat.com/webdata2/kher/1138.png",
    "carBrand": "smart",
    "models": null
  },
  "Ssangyong ": {
    "imgSrc": "https://media.carparts-cat.com/webdata2/kher/175.png",
    "carBrand": "Ssangyong ",
    "models": null
  },
  "Subaru": {
    "imgSrc": "https://media.carparts-cat.com/webdata2/kher/107.png",
    "carBrand": "Subaru",
    "models": null
  },
  "Suzuki": {
    "imgSrc": "https://media.carparts-cat.com/webdata2/kher/109.png",
    "carBrand": "Suzuki",
    "models": null
  },
  "Tesla": {
    "imgSrc": "https://media.carparts-cat.com/webdata2/kher/3328.png",
    "carBrand": "Tesla",
    "models": null
  },
  "Toyota": {
    "imgSrc": "https://media.carparts-cat.com/webdata2/kher/111.png",
    "carBrand": "Toyota",
    "models": null
  },
  "Vauxhall": {
    "imgSrc": "https://media.carparts-cat.com/webdata2/kher/117.png",
    "carBrand": "Vauxhall",
    "models": null
  },
  "Volvo": {
    "imgSrc": "https://media.carparts-cat.com/webdata2/kher/120.png",
    "carBrand": "Volvo",
    "models": null
  },
  "VW": {
    "imgSrc": "https://media.carparts-cat.com/webdata2/kher/121.png",
    "carBrand": "VW",
    "models": null
  }
}